Period,Window,Factor,Alpha_Ann,t_stat,p_value,Beta,R_squared
Full (2005-2025),21d,mkt_rf,-0.05223771858011831,-1.1250133941531169,0.26058335849990955,0.6369747632580793,0.46621472167650135
Full (2005-2025),21d,smb,-0.05420592213485877,-2.360065229564087,0.018271721934551625,0.6991253363488256,0.569022338455678
Full (2005-2025),21d,hml,0.004149774499957198,0.24093756960180648,0.8096035033687708,0.7068076217106387,0.5583538980182298
Full (2005-2025),21d,rmw,0.022526550484066855,1.0001721634320138,0.31722719801422594,0.7276525040581322,0.5767653885798546
Full (2005-2025),21d,cma,-0.021033178442510448,-1.260359094340664,0.20753985101897743,0.7027089858498137,0.5754530414491283
Full (2005-2025),21d,umd,0.08108183040834295,3.266283390136085,0.0010896913876247728,0.7114386023970635,0.591265592403758
In-Sample (2010-2019),21d,mkt_rf,-0.05646073657611261,-0.9253685091074461,0.354774253550465,0.7069270668255564,0.5102693848377453
In-Sample (2010-2019),21d,smb,-0.06050437264210806,-1.6680667545379522,0.09530247591228903,0.899630701065409,0.5997891394932635
In-Sample (2010-2019),21d,hml,0.01109740392296584,0.39904512980561047,0.6898599513625763,0.7813214796739408,0.5515548920508658
In-Sample (2010-2019),21d,rmw,0.027540097219945558,0.7262881949965704,0.46766211472882246,0.7505451629746939,0.5161521900053563
In-Sample (2010-2019),21d,cma,0.01577802930449316,0.6353801088164577,0.525180537909811,0.9958668686032155,0.6238697112873155
In-Sample (2010-2019),21d,umd,0.10862311998284366,2.713084783870021,0.006666004890900565,0.8199962919100403,0.5682129446338646
Out-of-Sample (2020-2025),21d,mkt_rf,-0.17258248945110413,-2.165540925577945,0.030346284798898338,1.331145412124984,0.6876107536182285
Out-of-Sample (2020-2025),21d,smb,-0.05373565372427963,-1.5173120132917053,0.12918792655122915,0.48607420368359844,0.5428149508804284
Out-of-Sample (2020-2025),21d,hml,-0.004184522569244654,-0.2043730248452286,0.8380620083556177,0.5237798838280697,0.6707126189291445
Out-of-Sample (2020-2025),21d,rmw,0.03673072388012782,1.133274428409042,0.25709902688984554,0.8050295104312125,0.6859253811648958
Out-of-Sample (2020-2025),21d,cma,-0.030103337303202846,-1.3374229680348657,0.18108461140065524,0.475545968873348,0.6119805498438086
Out-of-Sample (2020-2025),21d,umd,0.04274427009590834,1.1708986658547136,0.24163951146847595,0.5694064699528716,0.6301365311501865
Crash_2015 (股灾),21d,mkt_rf,-0.0963051764053533,-0.9163999714709999,0.3594571502929961,0.15379306023011574,0.4669962672973813
Crash_2015 (股灾),21d,smb,-0.021099684250016137,-0.38885387987839753,0.6973842408589208,0.23507021989279242,0.7044062274045524
Crash_2015 (股灾),21d,hml,0.031423034513727965,0.7768947930985659,0.43722084350485313,0.2519649124614591,0.7307984256607956
Crash_2015 (股灾),21d,rmw,0.1831510860841378,2.0760787888387,0.037886664589335164,0.17116042066293988,0.46382557165659377
Crash_2015 (股灾),21d,cma,0.09326426835161475,1.2074860494193795,0.2272450144338084,0.3150991227647276,0.4978814014982428
Crash_2015 (股灾),21d,umd,-0.2991231009200368,-2.3216949558064277,0.020249366755872095,0.363998206745483,0.42621406928371997
Crash_2018 (贸易战),21d,mkt_rf,-0.23525301397744336,-1.5518091138689736,0.12070790458045555,1.0352712307115448,0.7354530601101605
Crash_2018 (贸易战),21d,smb,-0.20068400027111666,-2.7312353775323617,0.006309738966470079,0.9932043736260191,0.7431110833504652
Crash_2018 (贸易战),21d,hml,0.10913931176939336,2.946293567601894,0.003216070081131206,0.6802476787732825,0.8003435118682818
Crash_2018 (贸易战),21d,rmw,0.15278453638144926,2.1757367378641517,0.029574951472566967,0.6818000613980082,0.7102035890043724
Crash_2018 (贸易战),21d,cma,0.04103145808423742,1.2089024129606518,0.22670033903694775,0.7080948337761974,0.8082665893497115
Crash_2018 (贸易战),21d,umd,0.25165945735959416,2.6108076331182093,0.009032868830086074,0.7854490135844416,0.6640481718318745
Crash_2022 (俄乌/疫情),21d,mkt_rf,-0.35526731462548267,-3.012033776868386,0.0025950372090578523,1.092957149549834,0.7883881488299929
Crash_2022 (俄乌/疫情),21d,smb,0.0013103761826612412,0.04779701023739672,0.9618780193198306,0.5302556283038082,0.8497347260193361
Crash_2022 (俄乌/疫情),21d,hml,0.024705354070333127,0.9619345108795458,0.33608250161672504,0.38462117972519927,0.8022731298579424
Crash_2022 (俄乌/疫情),21d,rmw,-0.03830647982566928,-0.8265757603946332,0.40847756096606946,0.9266697147762858,0.8151840300490566
Crash_2022 (俄乌/疫情),21d,cma,0.0073065384238137675,0.32968819725050463,0.741635572815645,0.369927448447073,0.831937219305381
Crash_2022 (俄乌/疫情),21d,umd,-0.027916475272579813,-0.5864099764493145,0.5576000416782319,0.8015986991675799,0.8559842279478493
Full (2005-2025),63d,mkt_rf,-0.009710367790155348,-0.21471845644475204,0.8299868320217136,0.693070414878366,0.5190445328713587
Full (2005-2025),63d,smb,-0.03153706220744929,-1.404358957485721,0.16021198603601516,0.8068558891678841,0.6613346439429781
Full (2005-2025),63d,hml,0.007080463636079049,0.42067987357205594,0.6739888597626131,0.7784790473206371,0.6354074395858602
Full (2005-2025),63d,rmw,0.0175537160406838,0.8350818745920596,0.40367161125306394,0.8105303792847542,0.662420333089672
Full (2005-2025),63d,cma,0.001858786548590314,0.11829023630710819,0.9058376933825096,0.7661287093214431,0.6511398156489039
Full (2005-2025),63d,umd,0.06493698105307281,2.9075037477488266,0.003643259787386568,0.8061837581302834,0.7029399065185504
In-Sample (2010-2019),63d,mkt_rf,0.018004102505118504,0.30862858637475216,0.7576040729548446,0.7592107389851599,0.5669360769984664
In-Sample (2010-2019),63d,smb,-0.04009878661030334,-1.1577517063531648,0.246965376546738,1.024164955316055,0.6986871279416837
In-Sample (2010-2019),63d,hml,0.012239790204604754,0.4572667293926325,0.6474793404857956,0.862078825508445,0.6369647370581195
In-Sample (2010-2019),63d,rmw,0.023901219688012062,0.6882559549132492,0.49129161294923274,0.8341049575962637,0.6061129127675629
In-Sample (2010-2019),63d,cma,0.04186105285271435,1.8249823035343054,0.06800369987039837,1.088616952399542,0.6926676176269453
In-Sample (2010-2019),63d,umd,0.09412498126434753,2.522512499165604,0.01165198091671758,0.91623731498353,0.6636946443014928
Out-of-Sample (2020-2025),63d,mkt_rf,-0.1492430668133037,-2.1667349420594064,0.030255070635089504,1.4822982488759013,0.7813221692707301
Out-of-Sample (2020-2025),63d,smb,-0.007467969182063405,-0.20518670723560242,0.8374262545882153,0.5804161420366217,0.6044255087873442
Out-of-Sample (2020-2025),63d,hml,-0.0029216904351087106,-0.1785363921019171,0.8583017435139637,0.5734250167557182,0.8133265190982736
Out-of-Sample (2020-2025),63d,rmw,0.005944660161058011,0.189984991758352,0.849320891184566,0.9075614631774055,0.7517586110343971
Out-of-Sample (2020-2025),63d,cma,-0.011083386515960516,-0.5304712489529779,0.5957852379998354,0.528645327478564,0.7079336407082257
Out-of-Sample (2020-2025),63d,umd,0.05054336819564241,1.584876081168774,0.11299449197589208,0.6660341030164929,0.7468325489918151
Crash_2015 (股灾),63d,mkt_rf,-0.09243634265108297,-1.2256830836939452,0.22031795848513613,0.18361624520272424,0.7554798113553465
Crash_2015 (股灾),63d,smb,-0.06966577444409354,-1.5042977160829012,0.13250472689756515,0.27923358319200453,0.8192686626835365
Crash_2015 (股灾),63d,hml,0.005620478361683708,0.20758237002119034,0.835555071198778,0.2375781184663949,0.8238383436577182
Crash_2015 (股灾),63d,rmw,0.16705325842328161,2.115305519396441,0.034403916361889435,0.2090031182150467,0.6412139274182376
Crash_2015 (股灾),63d,cma,0.07376956697036151,1.4472690309119849,0.14782158925084152,0.34020837798974735,0.7145179605886716
Crash_2015 (股灾),63d,umd,-0.15585415634370262,-2.016534735760982,0.04374408976486835,0.43621340247520923,0.7527710817145468
Crash_2018 (贸易战),63d,mkt_rf,-0.08895268764862949,-0.6513463420513109,0.514822939755399,1.1663467287247404,0.8345451600826265
Crash_2018 (贸易战),63d,smb,-0.057427861570686814,-2.059035658194153,0.039490822691836965,1.114551220577971,0.9537291071308239
Crash_2018 (贸易战),63d,hml,0.050283662977026286,1.9667681624529034,0.049209944586617246,0.7434188386384754,0.9337924462910999
Crash_2018 (贸易战),63d,rmw,0.05614595673381027,1.8003995818081597,0.07179756681820093,0.7497083448850176,0.9313015878555226
Crash_2018 (贸易战),63d,cma,0.012151756617966697,0.5753784206153925,0.5650353952280487,0.721434296257466,0.9216321180682038
Crash_2018 (贸易战),63d,umd,0.07931676183552192,1.5193087563063958,0.12868479669948268,0.8320598788810563,0.8990345981330948
Crash_2022 (俄乌/疫情),63d,mkt_rf,-0.3298638584466285,-2.8069957147693483,0.005000590691017704,1.2898791356493555,0.8201522145839975
Crash_2022 (俄乌/疫情),63d,smb,-0.003715889776727551,-0.19769090946678275,0.8432869025461432,0.6395190093104489,0.9520615945013862
Crash_2022 (俄乌/疫情),63d,hml,0.0071074770216459915,0.4845732374582511,0.6279791015617664,0.4246950812839356,0.9401702623677887
Crash_2022 (俄乌/疫情),63d,rmw,-0.006740593312206767,-0.1791689236176906,0.8578050642164039,1.0777311540415782,0.9065982009930212
Crash_2022 (俄乌/疫情),63d,cma,0.017947710020483197,1.0629078926338251,0.2878237234109252,0.43042305385521157,0.9206023006622731
Crash_2022 (俄乌/疫情),63d,umd,-0.035469474667442664,-0.8476115057197301,0.3966543645103432,0.8269041494743893,0.898106055661883
Full (2005-2025),126d,mkt_rf,0.013109035041746445,0.2972343855792193,0.7662875715855118,0.7282287978996661,0.5604035412002217
Full (2005-2025),126d,smb,-0.023695243195596103,-1.2009701834725535,0.22976276754963165,0.8487262112029781,0.7202856163004461
Full (2005-2025),126d,hml,0.002281230982616233,0.14503780413658637,0.8846810239662396,0.8158191019889894,0.6791444542848661
Full (2005-2025),126d,rmw,0.01364747484205259,0.6942597016395707,0.48751935820046155,0.8453100546661301,0.7147894377940665
Full (2005-2025),126d,cma,0.008625158793853465,0.5737958423289771,0.5661059625715528,0.8022968082792141,0.6839664517804072
Full (2005-2025),126d,umd,0.06101532131801189,2.9716484220677866,0.002962056639250223,0.8478320597251159,0.7576618334301151
In-Sample (2010-2019),126d,mkt_rf,0.03708898449757727,0.6393335674900006,0.5226059558851135,0.8067627870173641,0.5957665945718833
In-Sample (2010-2019),126d,smb,-0.04686091641968046,-1.513133587433492,0.13024572954451805,1.0688176730864776,0.7538370960136838
In-Sample (2010-2019),126d,hml,0.010364771419780592,0.4401922753351062,0.6597978540008846,0.8971842378097041,0.6942457488690568
In-Sample (2010-2019),126d,rmw,0.009860270071806966,0.30664797907859676,0.7591113298239957,0.8705921458802846,0.6604549562056632
In-Sample (2010-2019),126d,cma,0.0536680491958451,2.4627462415180874,0.013787745996974918,1.158064122409197,0.7322489011999352
In-Sample (2010-2019),126d,umd,0.08620870700611385,2.475241015952756,0.013314628948794741,0.9481721846190129,0.7089640764023273
Out-of-Sample (2020-2025),126d,mkt_rf,-0.11764639091687135,-2.0070760502102045,0.044741565917967796,1.493856261073133,0.8411280147128614
Out-of-Sample (2020-2025),126d,smb,-0.029248212813587308,-0.9005779134910175,0.36781278216680746,0.636172724718452,0.6771815430960453
Out-of-Sample (2020-2025),126d,hml,-0.014377261702556066,-0.8724179525249224,0.38298041023996043,0.6007872083472773,0.838290900492334
Out-of-Sample (2020-2025),126d,rmw,0.04419969121000795,1.4998322075193256,0.1336578721650257,0.9554187348483071,0.805137050503721
Out-of-Sample (2020-2025),126d,cma,-0.05032148904611271,-2.458090480031585,0.01396779782044508,0.549992721355041,0.7571945929272796
Out-of-Sample (2020-2025),126d,umd,0.045959445339161305,1.5134687993827642,0.13016062066106185,0.7035114929380578,0.803705026341264
Crash_2015 (股灾),126d,mkt_rf,-0.047735994089972665,-0.5838653492725393,0.5593109075062209,0.23033242786518987,0.8305237859104088
Crash_2015 (股灾),126d,smb,-0.08840941910922005,-1.9252551821381851,0.05419744158454984,0.3422170195570494,0.9160595077565088
Crash_2015 (股灾),126d,hml,0.009273488263550124,0.7675189195884832,0.44277304878232837,0.21927537450120282,0.9442921585885925
Crash_2015 (股灾),126d,rmw,0.11690435983292771,1.4550149307096558,0.14566512807722964,0.26389017465577064,0.7863419892621619
Crash_2015 (股灾),126d,cma,0.0445812846366987,1.4422466627119261,0.14923280102223216,0.4120912792598406,0.8783992693952725
Crash_2015 (股灾),126d,umd,-0.051957631131070464,-1.7044438697663717,0.0882981939883696,0.40608328313384123,0.944092390802813
Crash_2018 (贸易战),126d,mkt_rf,-0.04183637429475776,-0.26355902982991347,0.7921197319512908,1.455909368616823,0.8345959233609878
Crash_2018 (贸易战),126d,smb,-0.06057852363823183,-2.747382473340666,0.006007303447990656,1.2169997972873978,0.9783643999894109
Crash_2018 (贸易战),126d,hml,0.006556301571180237,0.15278878065749557,0.8785648455882665,0.9091075597838867,0.8984907711369259
Crash_2018 (贸易战),126d,rmw,0.04469626528497544,1.7338614338395775,0.08294267215598171,0.7979774733917749,0.9577284424328387
Crash_2018 (贸易战),126d,cma,0.0030554389663768207,0.28120049625036214,0.7785566240595556,0.8329146393727747,0.9787587441398131
Crash_2018 (贸易战),126d,umd,0.055157049827571046,1.541360662543964,0.12322903237638791,0.8606479798852105,0.9540271421638858
Crash_2022 (俄乌/疫情),126d,mkt_rf,-0.19455149827910462,-2.122620948932695,0.033785628053461886,1.4462294110706875,0.9069143647843263
Crash_2022 (俄乌/疫情),126d,smb,-0.013365277288362265,-0.882745393506096,0.3773738501597397,0.7043237357306544,0.9723841862226522
Crash_2022 (俄乌/疫情),126d,hml,-0.009851648487435544,-0.7776996035977721,0.436746125945931,0.3883294689364679,0.94826497233133
Crash_2022 (俄乌/疫情),126d,rmw,0.020594826776937265,0.9213004517450369,0.35689358533554283,0.9897301286673783,0.9415658065985258
Crash_2022 (俄乌/疫情),126d,cma,-0.0067786758582794385,-0.5889997898220151,0.5558614146007748,0.3787699591110293,0.9482352085548292
Crash_2022 (俄乌/疫情),126d,umd,-0.03866716325626299,-0.9302467778894051,0.35224332716288553,0.7381185468247585,0.8877009007725375
