Period,Window,Factor,Type,Ann_Return,Ann_Volatility,Sharpe_Ratio,Max_Drawdown
Full (2005-2025),21d,mkt_rf,Original,0.13720190339529068,0.2737581928480723,0.501179168257564,0.7383671326784844
Full (2005-2025),21d,mkt_rf,VMP_Gross,0.05362373070686728,0.2554016420619205,0.20995844143346012,0.7809809952658764
Full (2005-2025),21d,mkt_rf,VMP_Net,0.03515643135365472,0.25538557296576786,0.13766020901410558,0.8132395843066687
Full (2005-2025),21d,smb,Original,0.09624836543883764,0.13030925378791955,0.7386149689375355,0.4931062484867484
Full (2005-2025),21d,smb,VMP_Gross,0.030993830246812782,0.12067954814971901,0.25682752978458967,0.7123044367021784
Full (2005-2025),21d,smb,VMP_Net,0.013083748725593277,0.12077182834043,0.10833444277015483,0.7372260731789787
Full (2005-2025),21d,hml,Original,0.019469846885132962,0.10820693842002434,0.1799315937537879,0.40528836486238035
Full (2005-2025),21d,hml,VMP_Gross,0.03515000886825408,0.1023199400894619,0.34353038945801967,0.4489359935223214
Full (2005-2025),21d,hml,VMP_Net,0.01791121067190832,0.10235323112142045,0.17499409130191954,0.4770333027269119
Full (2005-2025),21d,rmw,Original,-0.01566387628252025,0.13878491313415484,-0.11286440239638255,0.6778637350238991
Full (2005-2025),21d,rmw,VMP_Gross,0.02995391948397451,0.1330236838390461,0.22517734150422178,0.6677945943701237
Full (2005-2025),21d,rmw,VMP_Net,0.011128691683834228,0.13297398707669109,0.08369074229094067,0.7176217803351509
Full (2005-2025),21d,cma,Original,0.0004568683304155063,0.10628244234165214,0.004298624686727389,0.5772821638029086
Full (2005-2025),21d,cma,VMP_Gross,-0.003632259206248581,0.09840769982202698,-0.03691031507511731,0.4997117055792612
Full (2005-2025),21d,cma,VMP_Net,-0.020712132961377288,0.09845371041988778,-0.21037432589430788,0.5489402579832284
Full (2005-2025),21d,umd,Original,-0.018866724172304696,0.16610237891567467,-0.11358491248269709,0.7705110930625452
Full (2005-2025),21d,umd,VMP_Gross,0.08473014448325218,0.15374977854711525,0.5510911643836117,0.49752880885256107
Full (2005-2025),21d,umd,VMP_Net,0.06765931453138758,0.1536816360367147,0.4402563395097102,0.5593009876788155
In-Sample (2010-2019),21d,mkt_rf,Original,0.046914473220706895,0.2551058728878113,0.18390197250119217,0.5737605324798573
In-Sample (2010-2019),21d,mkt_rf,VMP_Gross,-0.004168570546783786,0.2524096913190302,-0.01651509704322316,0.6715345829314343
In-Sample (2010-2019),21d,mkt_rf,VMP_Net,-0.02329562563053227,0.25246158872784874,-0.0922739405543579,0.6985669442361391
In-Sample (2010-2019),21d,smb,Original,0.09954360761295747,0.1143070339665554,0.8708441130760379,0.3730942331852552
In-Sample (2010-2019),21d,smb,VMP_Gross,0.04949468485909717,0.13268544887751998,0.37302270352783745,0.6278368868360643
In-Sample (2010-2019),21d,smb,VMP_Net,0.029048112861316845,0.13278160836992714,0.2187660867941088,0.6495977747092787
In-Sample (2010-2019),21d,hml,Original,-0.011477100383991124,0.1039135404203012,-0.1104485549964852,0.32041037036827635
In-Sample (2010-2019),21d,hml,VMP_Gross,0.02188197146406372,0.10932238829179845,0.2001600203396338,0.41627344862451937
In-Sample (2010-2019),21d,hml,VMP_Net,0.00213009886857953,0.10932199167117912,0.019484632835692236,0.44784586236427565
In-Sample (2010-2019),21d,rmw,Original,-0.004225820358945799,0.13782335530103054,-0.030661133954516355,0.5414989833832772
In-Sample (2010-2019),21d,rmw,VMP_Gross,0.04496055488840534,0.14404279760361927,0.3121333078529131,0.6355365019980392
In-Sample (2010-2019),21d,rmw,VMP_Net,0.024368428189938913,0.14398284869303019,0.16924535395109544,0.6546810157758842
In-Sample (2010-2019),21d,cma,Original,-0.006409921513656608,0.08786912286591242,-0.07294850915307415,0.3292217693779286
In-Sample (2010-2019),21d,cma,VMP_Gross,0.029503806188469702,0.11075199431625407,0.2663952587997749,0.3996941176229571
In-Sample (2010-2019),21d,cma,VMP_Net,0.009394600838695618,0.11078746488427907,0.08479840971637512,0.44428056876961924
In-Sample (2010-2019),21d,umd,Original,-0.006354017333295112,0.15525792338494152,-0.0409255591905681,0.6232864809148214
In-Sample (2010-2019),21d,umd,VMP_Gross,0.12275774853702334,0.1689622040408659,0.7265396970516119,0.4975288088525624
In-Sample (2010-2019),21d,umd,VMP_Net,0.10341284933080949,0.16889239717071547,0.6123002045277407,0.51456429467917
Out-of-Sample (2020-2025),21d,mkt_rf,Original,0.08138905686059562,0.19509521053428763,0.41717608872972123,0.3456758643867941
Out-of-Sample (2020-2025),21d,mkt_rf,VMP_Gross,-0.03972468283858096,0.3132827103915039,-0.12680138903592134,0.7809809952658767
Out-of-Sample (2020-2025),21d,mkt_rf,VMP_Net,-0.06424181981394284,0.31318487320837013,-0.20512427422125545,0.7970545162097977
Out-of-Sample (2020-2025),21d,smb,Original,0.08130916470965745,0.1588300936873913,0.5119254344185542,0.32864439183754257
Out-of-Sample (2020-2025),21d,smb,VMP_Gross,0.0007535804559120068,0.10478541323226263,0.007191654187989451,0.310772854699194
Out-of-Sample (2020-2025),21d,smb,VMP_Net,-0.014213366235854353,0.10478749656145063,-0.13563990649895138,0.3290792050457386
Out-of-Sample (2020-2025),21d,hml,Original,0.0338551809487247,0.12630087678953061,0.2680518283744095,0.2489500344456569
Out-of-Sample (2020-2025),21d,hml,VMP_Gross,0.025648811259462678,0.08076098404810504,0.3175891374006171,0.23690238286649482
Out-of-Sample (2020-2025),21d,hml,VMP_Net,0.013548140175056652,0.08077685530502153,0.16772304546763442,0.2464219338511247
Out-of-Sample (2020-2025),21d,rmw,Original,-0.018013756062696663,0.13271479124685742,-0.13573284404441402,0.45489472829803623
Out-of-Sample (2020-2025),21d,rmw,VMP_Gross,0.04111836257344412,0.12899778899101452,0.3187524599844751,0.35490920423028577
Out-of-Sample (2020-2025),21d,rmw,VMP_Net,0.022229118655947865,0.1290008858133988,0.17231756600572906,0.3871178342168528
Out-of-Sample (2020-2025),21d,cma,Original,0.006150306840034831,0.13186865950625035,0.046639640253136244,0.3932938458094809
Out-of-Sample (2020-2025),21d,cma,VMP_Gross,-0.014630247574103429,0.08016775661533705,-0.18249540952359003,0.294571726620136
Out-of-Sample (2020-2025),21d,cma,VMP_Net,-0.02717858367809014,0.08016139867959157,-0.3390482716840316,0.30378194798538
Out-of-Sample (2020-2025),21d,umd,Original,0.03685294828476052,0.18595038819312676,0.19818699300850776,0.5224016640031005
Out-of-Sample (2020-2025),21d,umd,VMP_Gross,0.0772543957415773,0.13336420369416965,0.5792738501160088,0.3797792501977833
Out-of-Sample (2020-2025),21d,umd,VMP_Net,0.06372857728608955,0.13338351498553272,0.4777845095250473,0.39156708463700185
Crash_2015 (股灾),21d,mkt_rf,Original,-0.7074633456867471,0.5855643050649827,-1.2081736191351977,0.5310056996533085
Crash_2015 (股灾),21d,mkt_rf,VMP_Gross,-0.20050448270674442,0.13179891573444463,-1.5212908360394357,0.15626447605022875
Crash_2015 (股灾),21d,mkt_rf,VMP_Net,-0.20510812933915443,0.13178155540994455,-1.5564251666411617,0.1587250538092652
Crash_2015 (股灾),21d,smb,Original,0.27188794763132523,0.2225555983075177,1.2216630347606094,0.22567724531519215
Crash_2015 (股灾),21d,smb,VMP_Gross,0.048135261457457515,0.06227155589221286,0.7729895418186732,0.06102732242114241
Crash_2015 (股灾),21d,smb,VMP_Net,0.042813075385879494,0.06233393495635243,0.6868341524702096,0.061721138426781626
Crash_2015 (股灾),21d,hml,Original,0.02298857005301204,0.17089770274859778,0.13451655395760234,0.20870959803235245
Crash_2015 (股灾),21d,hml,VMP_Gross,0.04214024393658983,0.05039435482258822,0.8362096128612672,0.05239841292725488
Crash_2015 (股灾),21d,hml,VMP_Net,0.037215347554749194,0.050370642480470094,0.7388301145687883,0.053684334690010764
Crash_2015 (股灾),21d,rmw,Original,0.07257613768915659,0.3084338929830439,0.23530532584221037,0.3350882165174904
Crash_2015 (股灾),21d,rmw,VMP_Gross,0.2017811766913169,0.07776984419310068,2.5945940715825406,0.04076902616685375
Crash_2015 (股灾),21d,rmw,VMP_Net,0.1955732483411053,0.07751541855367372,2.523023831777225,0.041411645655230936
Crash_2015 (股灾),21d,cma,Original,-0.18255750279844332,0.16637715733946692,-1.0972510031888747,0.21217855084174958
Crash_2015 (股灾),21d,cma,VMP_Gross,0.046589664513909945,0.07479944869529909,0.6228610681837546,0.06256472062068952
Crash_2015 (股灾),21d,cma,VMP_Net,0.03574055936570586,0.07429814009990864,0.4810424502907551,0.06601775273248194
Crash_2015 (股灾),21d,umd,Original,-0.8503838040144578,0.2514078064420998,-3.382487664360989,0.4595030276059337
Crash_2015 (股灾),21d,umd,VMP_Gross,-0.59330036432679,0.139928367665011,-4.240029196561152,0.33848401523717947
Crash_2015 (股灾),21d,umd,VMP_Net,-0.6086612806267017,0.1401729173090251,-4.34221740056139,0.345010957355317
Crash_2018 (贸易战),21d,mkt_rf,Original,-0.3198278978222221,0.2242203275160459,-1.4264001010315812,0.329924576422669
Crash_2018 (贸易战),21d,mkt_rf,VMP_Gross,-0.5470891063671123,0.27074687917058077,-2.02066634357187,0.5076516329295186
Crash_2018 (贸易战),21d,mkt_rf,VMP_Net,-0.5663616353717416,0.27067718325747664,-2.092387797729521,0.5161010585363253
Crash_2018 (贸易战),21d,smb,Original,-0.042267699392592624,0.11050445406216466,-0.3824976988603082,0.13208553297121897
Crash_2018 (贸易战),21d,smb,VMP_Gross,-0.22017235361430973,0.12703844523496255,-1.7331159335828803,0.21970763247460742
Crash_2018 (贸易战),21d,smb,VMP_Net,-0.24266446417094933,0.12731850701044378,-1.9059637900956838,0.2347432003297218
Crash_2018 (贸易战),21d,hml,Original,0.06195066712592594,0.1114244513789182,0.5559880830397983,0.161464245121239
Crash_2018 (贸易战),21d,hml,VMP_Gross,0.16499963539938126,0.08489398653459657,1.943596267942247,0.08165813517223935
Crash_2018 (贸易战),21d,hml,VMP_Net,0.15128110928026076,0.08472456712654296,1.7855636730998017,0.08404099787187541
Crash_2018 (贸易战),21d,rmw,Original,0.12663224197037037,0.14463833895443484,0.8755095148753271,0.13307045123237687
Crash_2018 (贸易战),21d,rmw,VMP_Gross,0.25659923928074524,0.1173334815916549,2.186922571459734,0.07209848260929964
Crash_2018 (贸易战),21d,rmw,VMP_Net,0.23912240673181528,0.11701701900969916,2.043484005621398,0.07652883961910605
Crash_2018 (贸易战),21d,cma,Original,0.09065473251955553,0.10737497353990118,0.8442817681893787,0.10227623594199663
Crash_2018 (贸易战),21d,cma,VMP_Gross,0.11970494212128309,0.08472344274625587,1.4128904378897318,0.05393008484887688
Crash_2018 (贸易战),21d,cma,VMP_Net,0.10522360583869773,0.08457016580968184,1.2442166197887652,0.05745264897362928
Crash_2018 (贸易战),21d,umd,Original,0.06404577583703702,0.1644617292604223,0.38942662299033504,0.17891122681273558
Crash_2018 (贸易战),21d,umd,VMP_Gross,0.32239459921626584,0.15910896899267568,2.026250319245716,0.10169304353809655
Crash_2018 (贸易战),21d,umd,VMP_Net,0.30196414881504524,0.1585196330495864,1.9049006296941657,0.10636443352922119
Crash_2022 (俄乌/疫情),21d,mkt_rf,Original,-0.18199139672231404,0.2079582394197585,-0.8751343405777203,0.26418593551814146
Crash_2022 (俄乌/疫情),21d,mkt_rf,VMP_Gross,-0.5301963170371388,0.25585512713613257,-2.072252070817552,0.4325457894212576
Crash_2022 (俄乌/疫情),21d,mkt_rf,VMP_Net,-0.5541761128296959,0.25598187965659297,-2.1649036782335496,0.4449411722020655
Crash_2022 (俄乌/疫情),21d,smb,Original,0.12971940691239667,0.14009074257749154,0.9259670162761973,0.11321101850481428
Crash_2022 (俄乌/疫情),21d,smb,VMP_Gross,0.07900308923720814,0.08060690116304832,0.9801032926126753,0.06980992751712253
Crash_2022 (俄乌/疫情),21d,smb,VMP_Net,0.07009482179819149,0.0805847830170293,0.8698270216025641,0.07182327350250295
Crash_2022 (俄乌/疫情),21d,hml,Original,0.17732685454214875,0.14149297305529773,1.2532555554744513,0.10520989063847923
Crash_2022 (俄乌/疫情),21d,hml,VMP_Gross,0.10062108707660047,0.0608066138595879,1.6547720829998935,0.04361470138386137
Crash_2022 (俄乌/疫情),21d,hml,VMP_Net,0.09290901806129323,0.06075848612070625,1.529152946252066,0.04459795338487757
Crash_2022 (俄乌/疫情),21d,rmw,Original,-0.11791791938841321,0.11627465569185959,-1.014132604278859,0.1546486211763727
Crash_2022 (俄乌/疫情),21d,rmw,VMP_Gross,-0.13129525844667658,0.11926379310564078,-1.100881122658732,0.16320518514402693
Crash_2022 (俄乌/疫情),21d,rmw,VMP_Net,-0.1475774445523432,0.1193389467049285,-1.2366243261492478,0.16955286205970516
Crash_2022 (俄乌/疫情),21d,cma,Original,0.17892191755859504,0.14205188699706686,1.2595532614240421,0.07652019821592565
Crash_2022 (俄乌/疫情),21d,cma,VMP_Gross,0.08001222874609548,0.05763630131848468,1.3882262899551219,0.03321952151083098
Crash_2022 (俄乌/疫情),21d,cma,VMP_Net,0.07349466685752232,0.05761270773014429,1.2756676391911401,0.033783968095000005
Crash_2022 (俄乌/疫情),21d,umd,Original,-0.24683370343140498,0.1479712500874304,-1.6681193359220838,0.25040651332232194
Crash_2022 (俄乌/疫情),21d,umd,VMP_Gross,-0.21181517111131487,0.1280892657289472,-1.6536527858590595,0.23152894522008985
Crash_2022 (俄乌/疫情),21d,umd,VMP_Net,-0.2257780508539102,0.12820396745985813,-1.7610847411926112,0.23997789589290872
Full (2005-2025),63d,mkt_rf,Original,0.13637993297509354,0.2739586318125786,0.4978121407336936,0.7383671326784843
Full (2005-2025),63d,mkt_rf,VMP_Gross,0.09129659039239948,0.2635735474086402,0.34637994324542254,0.7717228938368513
Full (2005-2025),63d,mkt_rf,VMP_Net,0.0848105289379765,0.26354819044406114,0.32180273670282616,0.7767131912477562
Full (2005-2025),63d,smb,Original,0.09698365371274033,0.1306581188966582,0.7422703964492852,0.4931062484867501
Full (2005-2025),63d,smb,VMP_Gross,0.053633709610727436,0.12960956558048037,0.4138098092568937,0.6439672544858793
Full (2005-2025),63d,smb,VMP_Net,0.046714769943693946,0.12963484049063254,0.3603565967828654,0.6569246028842913
Full (2005-2025),63d,hml,Original,0.01943714453277973,0.10861774197116435,0.17894999638217365,0.4052883648623789
Full (2005-2025),63d,hml,VMP_Gross,0.028495618737007553,0.10607999190663048,0.26862387736689153,0.48956119553353167
Full (2005-2025),63d,hml,VMP_Net,0.022211873394590926,0.10607707856892774,0.20939371346051813,0.5033698934480968
Full (2005-2025),63d,rmw,Original,-0.017625277541271685,0.13892249706833282,-0.1268712981210107,0.6778637350238994
Full (2005-2025),63d,rmw,VMP_Gross,0.010279100761480323,0.13834265101870458,0.0743017477675091,0.6437878907582546
Full (2005-2025),63d,rmw,VMP_Net,0.0032678931501577955,0.13834868985068843,0.023620701820050768,0.6648953587007536
Full (2005-2025),63d,cma,Original,0.0022761047657062646,0.10653243302077028,0.0213653692229342,0.5772821638029076
Full (2005-2025),63d,cma,VMP_Gross,0.009494950750687061,0.10112482844497396,0.09389336819348615,0.5053277221263486
Full (2005-2025),63d,cma,VMP_Net,0.0036025757550212337,0.10114547461830964,0.03561776509148028,0.5168651889349768
Full (2005-2025),63d,umd,Original,-0.0202983907187342,0.1659564368417766,-0.12231156022038935,0.770511093062544
Full (2005-2025),63d,umd,VMP_Gross,0.05465718925066919,0.15957463224140578,0.34251803361817157,0.5984676651594125
Full (2005-2025),63d,umd,VMP_Net,0.04857274813944676,0.15957654079298744,0.30438526802293786,0.6206844191226484
In-Sample (2010-2019),63d,mkt_rf,Original,0.046914473220706895,0.2551058728878113,0.18390197250119217,0.5737605324798573
In-Sample (2010-2019),63d,mkt_rf,VMP_Gross,0.06014499203794146,0.2572792002695111,0.233773239247234,0.562544703010444
In-Sample (2010-2019),63d,mkt_rf,VMP_Net,0.05362207438811084,0.2572265259061599,0.20846246007953698,0.5731274088103344
In-Sample (2010-2019),63d,smb,Original,0.09954360761295747,0.1143070339665554,0.8708441130760379,0.3730942331852552
In-Sample (2010-2019),63d,smb,VMP_Gross,0.06994767097393781,0.1400281954789305,0.4995256186420153,0.5727606667712866
In-Sample (2010-2019),63d,smb,VMP_Net,0.06185028783262013,0.14005592812920276,0.44161135239889826,0.5829606678522975
In-Sample (2010-2019),63d,hml,Original,-0.011477100383991124,0.1039135404203012,-0.1104485549964852,0.32041037036827635
In-Sample (2010-2019),63d,hml,VMP_Gross,0.009890447314919504,0.11227887141201605,0.08808823236765302,0.4591066534997618
In-Sample (2010-2019),63d,hml,VMP_Net,0.002345624985331174,0.11224355798287346,0.020897635708314575,0.4725017138752773
In-Sample (2010-2019),63d,rmw,Original,-0.004225820358945799,0.13782335530103054,-0.030661133954516355,0.5414989833832772
In-Sample (2010-2019),63d,rmw,VMP_Gross,0.028182724517770465,0.14769153877667474,0.19082152404401265,0.6147456613742814
In-Sample (2010-2019),63d,rmw,VMP_Net,0.020376441976704265,0.14766132218494138,0.1379944434682996,0.6224013162103437
In-Sample (2010-2019),63d,cma,Original,-0.006409921513656608,0.08786912286591242,-0.07294850915307415,0.3292217693779286
In-Sample (2010-2019),63d,cma,VMP_Gross,0.04192089408456907,0.11490584956152701,0.3648281984297264,0.3787636642405372
In-Sample (2010-2019),63d,cma,VMP_Net,0.03488310362939728,0.1149341112349944,0.3035052279481698,0.3921448069678653
In-Sample (2010-2019),63d,umd,Original,-0.006354017333295112,0.15525792338494152,-0.0409255591905681,0.6232864809148214
In-Sample (2010-2019),63d,umd,VMP_Gross,0.09513028126243371,0.17460240739911098,0.544839459429573,0.5645799052499687
In-Sample (2010-2019),63d,umd,VMP_Net,0.08830319348353038,0.17461340912994566,0.5057068292952002,0.5713400571783543
Out-of-Sample (2020-2025),63d,mkt_rf,Original,0.08138905686059562,0.19509521053428763,0.41717608872972123,0.3456758643867941
Out-of-Sample (2020-2025),63d,mkt_rf,VMP_Gross,-0.01965266896046685,0.32714805277043685,-0.06007270651327193,0.7717228938368513
Out-of-Sample (2020-2025),63d,mkt_rf,VMP_Net,-0.02860021035118165,0.3271652207412246,-0.08741824783937942,0.776713191247757
Out-of-Sample (2020-2025),63d,smb,Original,0.08130916470965745,0.1588300936873913,0.5119254344185542,0.32864439183754257
Out-of-Sample (2020-2025),63d,smb,VMP_Gross,0.045325373749205096,0.11858015574459947,0.3822340548011075,0.31923637645261155
Out-of-Sample (2020-2025),63d,smb,VMP_Net,0.03972518251093621,0.11857711559458597,0.3350155914295995,0.3220887104245996
Out-of-Sample (2020-2025),63d,hml,Original,0.0338551809487247,0.12630087678953061,0.2680518283744095,0.2489500344456569
Out-of-Sample (2020-2025),63d,hml,VMP_Gross,0.020364762899553225,0.08029518040976098,0.25362372679939343,0.21096512419710542
Out-of-Sample (2020-2025),63d,hml,VMP_Net,0.016491717267681633,0.08030646975814892,0.20535975890047356,0.21435156179079587
Out-of-Sample (2020-2025),63d,rmw,Original,-0.018013756062696663,0.13271479124685742,-0.13573284404441402,0.45489472829803623
Out-of-Sample (2020-2025),63d,rmw,VMP_Gross,-0.0032857558364107167,0.13884951012405852,-0.02366415145055231,0.45907207106580666
Out-of-Sample (2020-2025),63d,rmw,VMP_Net,-0.010403930648523822,0.13891724735546196,-0.07489300894295872,0.47479776621619496
Out-of-Sample (2020-2025),63d,cma,Original,0.006150306840034831,0.13186865950625035,0.046639640253136244,0.3932938458094809
Out-of-Sample (2020-2025),63d,cma,VMP_Gross,-0.0032896277561456303,0.08286691203163354,-0.03969772343984353,0.31353785713017057
Out-of-Sample (2020-2025),63d,cma,VMP_Net,-0.007832055542416685,0.08285328158293266,-0.09452921348175118,0.31706309989831083
Out-of-Sample (2020-2025),63d,umd,Original,0.03685294828476052,0.18595038819312676,0.19818699300850776,0.5224016640031005
Out-of-Sample (2020-2025),63d,umd,VMP_Gross,0.08035632268639202,0.14331211605401545,0.5607085074098348,0.352753113815562
Out-of-Sample (2020-2025),63d,umd,VMP_Net,0.07508868854999606,0.14331179564563262,0.523953302041292,0.3579765407364866
Crash_2015 (股灾),63d,mkt_rf,Original,-0.7074633456867471,0.5855643050649827,-1.2081736191351977,0.5310056996533085
Crash_2015 (股灾),63d,mkt_rf,VMP_Gross,-0.2207235796760386,0.12370629617681726,-1.7842550177118834,0.19392661842241482
Crash_2015 (股灾),63d,mkt_rf,VMP_Net,-0.22233810580464045,0.12370130054407526,-1.797378886290856,0.19472502470427816
Crash_2015 (股灾),63d,smb,Original,0.27188794763132523,0.2225555983075177,1.2216630347606094,0.22567724531519215
Crash_2015 (股灾),63d,smb,VMP_Gross,0.008330832865301197,0.06863346621704976,0.12138149687727227,0.0890671243499627
Crash_2015 (股灾),63d,smb,VMP_Net,0.006254471399721515,0.0686582928889023,0.09109564389901205,0.08933624606913511
Crash_2015 (股灾),63d,hml,Original,0.02298857005301204,0.17089770274859778,0.13451655395760234,0.20870959803235245
Crash_2015 (股灾),63d,hml,VMP_Gross,0.01268070292087847,0.044740905497514014,0.2834252632992209,0.05345736365753797
Crash_2015 (股灾),63d,hml,VMP_Net,0.011082059581111187,0.044732344690681915,0.24774153149677539,0.05406267713308136
Crash_2015 (股灾),63d,rmw,Original,0.07257613768915659,0.3084338929830439,0.23530532584221037,0.3350882165174904
Crash_2015 (股灾),63d,rmw,VMP_Gross,0.18453278703034393,0.08059509560689199,2.2896279933758628,0.051497888334316004
Crash_2015 (股灾),63d,rmw,VMP_Net,0.18222189750831982,0.08050324518318809,2.263534806499629,0.05200483448295355
Crash_2015 (股灾),63d,cma,Original,-0.18255750279844332,0.16637715733946692,-1.0972510031888747,0.21217855084174958
Crash_2015 (股灾),63d,cma,VMP_Gross,0.014893000351497576,0.06698184903811917,0.2223438224737871,0.06546391141400844
Crash_2015 (股灾),63d,cma,VMP_Net,0.011661975053444257,0.066962572440858,0.17415661657479226,0.06641330765835479
Crash_2015 (股灾),63d,umd,Original,-0.8503838040144578,0.2514078064420998,-3.382487664360989,0.4595030276059337
Crash_2015 (股灾),63d,umd,VMP_Gross,-0.5225483810715943,0.12631925923149795,-4.136727718723796,0.31040996786051167
Crash_2015 (股灾),63d,umd,VMP_Net,-0.5268029689026607,0.12639977482555112,-4.167752431756468,0.3122442301125232
Crash_2018 (贸易战),63d,mkt_rf,Original,-0.3198278978222221,0.2242203275160459,-1.4264001010315812,0.329924576422669
Crash_2018 (贸易战),63d,mkt_rf,VMP_Gross,-0.4543354411796417,0.28628343981183907,-1.5870126524896286,0.4738259270706253
Crash_2018 (贸易战),63d,mkt_rf,VMP_Net,-0.4619829100284889,0.28627125163034484,-1.6137942856554675,0.47703378228583576
Crash_2018 (贸易战),63d,smb,Original,-0.042267699392592624,0.11050445406216466,-0.3824976988603082,0.13208553297121897
Crash_2018 (贸易战),63d,smb,VMP_Gross,-0.09790193130923107,0.1260566332013833,-0.7766503739063588,0.18359680755999674
Crash_2018 (贸易战),63d,smb,VMP_Net,-0.10453737751972367,0.12611516038686776,-0.8289041317399699,0.18811271816269137
Crash_2018 (贸易战),63d,hml,Original,0.06195066712592594,0.1114244513789182,0.5559880830397983,0.161464245121239
Crash_2018 (贸易战),63d,hml,VMP_Gross,0.10027641237708766,0.08571937792264017,1.1698219796646785,0.12321370474503245
Crash_2018 (贸易战),63d,hml,VMP_Net,0.0963389559846609,0.08572132756691521,1.123862155651491,0.12465109840465405
Crash_2018 (贸易战),63d,rmw,Original,0.12663224197037037,0.14463833895443484,0.8755095148753271,0.13307045123237687
Crash_2018 (贸易战),63d,rmw,VMP_Gross,0.15563570222716935,0.11246137143137316,1.3839036483931044,0.11076402819454599
Crash_2018 (贸易战),63d,rmw,VMP_Net,0.15108320527049568,0.11236488169947915,1.3445767306067122,0.11111993251709809
Crash_2018 (贸易战),63d,cma,Original,0.09065473251955553,0.10737497353990118,0.8442817681893787,0.10227623594199663
Crash_2018 (贸易战),63d,cma,VMP_Gross,0.08175823200888509,0.08070049183438444,1.0131069854775032,0.07482876626417949
Crash_2018 (贸易战),63d,cma,VMP_Net,0.07755318977562109,0.0806902486289073,0.9611222061328195,0.07640868319974936
Crash_2018 (贸易战),63d,umd,Original,0.06404577583703702,0.1644617292604223,0.38942662299033504,0.17891122681273558
Crash_2018 (贸易战),63d,umd,VMP_Gross,0.13823889305879866,0.144528380568473,0.9564826819138502,0.16541279691239838
Crash_2018 (贸易战),63d,umd,VMP_Net,0.1326066823213303,0.14432156545756458,0.9188279097507513,0.16583821085962422
Crash_2022 (俄乌/疫情),63d,mkt_rf,Original,-0.18199139672231404,0.2079582394197585,-0.8751343405777203,0.26418593551814146
Crash_2022 (俄乌/疫情),63d,mkt_rf,VMP_Gross,-0.5567549368398903,0.29614593104426307,-1.880001980363781,0.4773236197616913
Crash_2022 (俄乌/疫情),63d,mkt_rf,VMP_Net,-0.5646107639464255,0.2961951336467679,-1.9062121547876638,0.48080516898466114
Crash_2022 (俄乌/疫情),63d,smb,Original,0.12971940691239667,0.14009074257749154,0.9259670162761973,0.11321101850481428
Crash_2022 (俄乌/疫情),63d,smb,VMP_Gross,0.08248203851353643,0.09184563882215488,0.8980506812441075,0.05739555243808047
Crash_2022 (俄乌/疫情),63d,smb,VMP_Net,0.0792421368202273,0.09181853778220757,0.8630298274645656,0.057564799098781975
Crash_2022 (俄乌/疫情),63d,hml,Original,0.17732685454214875,0.14149297305529773,1.2532555554744513,0.10520989063847923
Crash_2022 (俄乌/疫情),63d,hml,VMP_Gross,0.0848929637988156,0.06196720265426127,1.3699660491771095,0.038066066789984726
Crash_2022 (俄乌/疫情),63d,hml,VMP_Net,0.0824173199252485,0.06197390300004857,1.3298713802999291,0.03864844151235628
Crash_2022 (俄乌/疫情),63d,rmw,Original,-0.11791791938841321,0.11627465569185959,-1.014132604278859,0.1546486211763727
Crash_2022 (俄乌/疫情),63d,rmw,VMP_Gross,-0.1273403373210211,0.13163860043467338,-0.9673480035532183,0.16623281385697006
Crash_2022 (俄乌/疫情),63d,rmw,VMP_Net,-0.13382440865686304,0.1316097526547279,-1.0168274459716156,0.17045222922271247
Crash_2022 (俄乌/疫情),63d,cma,Original,0.17892191755859504,0.14205188699706686,1.2595532614240421,0.07652019821592565
Crash_2022 (俄乌/疫情),63d,cma,VMP_Gross,0.09776277264443066,0.06372997896107586,1.5340154545499047,0.026250045260839246
Crash_2022 (俄乌/疫情),63d,cma,VMP_Net,0.09495982817768397,0.06372450985856444,1.4901617664607518,0.02648386491328886
Crash_2022 (俄乌/疫情),63d,umd,Original,-0.24683370343140498,0.1479712500874304,-1.6681193359220838,0.25040651332232194
Crash_2022 (俄乌/疫情),63d,umd,VMP_Gross,-0.23484982577165575,0.1290957907216116,-1.8191904202213478,0.23382996358985117
Crash_2022 (俄乌/疫情),63d,umd,VMP_Net,-0.23957728826500232,0.12911262227316897,-1.8555682941526712,0.23694079972343632
Full (2005-2025),126d,mkt_rf,Original,0.1487720018246303,0.2737415887933475,0.5434760661703509,0.7383671326784842
Full (2005-2025),126d,mkt_rf,VMP_Gross,0.12462968850098585,0.2663266153652666,0.46795806844185067,0.7454965083544326
Full (2005-2025),126d,mkt_rf,VMP_Net,0.12144909109162398,0.26629204770236753,0.4560747950962721,0.7515904564379537
Full (2005-2025),126d,smb,Original,0.10299225701790626,0.13076445101669973,0.787616635998061,0.49310624848675016
Full (2005-2025),126d,smb,VMP_Gross,0.06718231645103148,0.13074622197647343,0.5138375353065293,0.6305677837488737
Full (2005-2025),126d,smb,VMP_Net,0.06371698488645476,0.13076904088023242,0.48724823901408976,0.6374059252468245
Full (2005-2025),126d,hml,Original,0.018880737414683584,0.10915290514435909,0.17297512502954504,0.40528836486237935
Full (2005-2025),126d,hml,VMP_Gross,0.02079000429099704,0.10805229386213132,0.19240687585516622,0.4894174062829625
Full (2005-2025),126d,hml,VMP_Net,0.01768449722515333,0.1080558016451716,0.16366078411249796,0.4979140546926345
Full (2005-2025),126d,rmw,Original,-0.023555996879430142,0.13864522918255684,-0.16990124375944815,0.6778637350238982
Full (2005-2025),126d,rmw,VMP_Gross,-0.0027867626801879506,0.13864522918255687,-0.020099953648737283,0.6971788162559863
Full (2005-2025),126d,rmw,VMP_Net,-0.0062646461678136775,0.1386219173649801,-0.04519232086019543,0.7063458473877915
Full (2005-2025),126d,cma,Original,0.0035974896243096796,0.10672638026983877,0.033707595209488635,0.5772821638029094
Full (2005-2025),126d,cma,VMP_Gross,0.014517080370275316,0.10352950075987366,0.14022167849477254,0.5245890824872123
Full (2005-2025),126d,cma,VMP_Net,0.011511413237254691,0.10353553798115689,0.11118320783101285,0.5300568347626072
Full (2005-2025),126d,umd,Original,-0.027043630116055612,0.1648676827665236,-0.16403232981901789,0.7705110930625455
Full (2005-2025),126d,umd,VMP_Gross,0.04111910362651467,0.16059016007054394,0.25604995728537727,0.6150544292285384
Full (2005-2025),126d,umd,VMP_Net,0.03808686469427231,0.16058599371010762,0.23717426292499283,0.6266259392162192
In-Sample (2010-2019),126d,mkt_rf,Original,0.046914473220706895,0.2551058728878113,0.18390197250119217,0.5737605324798573
In-Sample (2010-2019),126d,mkt_rf,VMP_Gross,0.07815417276533958,0.26667415236239883,0.2930699209990602,0.5354827643064509
In-Sample (2010-2019),126d,mkt_rf,VMP_Net,0.07493783566456622,0.26664180486076977,0.2810430858870608,0.5385419644990753
In-Sample (2010-2019),126d,smb,Original,0.09954360761295747,0.1143070339665554,0.8708441130760379,0.3730942331852552
In-Sample (2010-2019),126d,smb,VMP_Gross,0.0636594315482593,0.1406771671357544,0.4525214208132833,0.5578472761841768
In-Sample (2010-2019),126d,smb,VMP_Net,0.0595330506398341,0.1407141687936056,0.42307786877634906,0.56191953761606
In-Sample (2010-2019),126d,hml,Original,-0.011477100383991124,0.1039135404203012,-0.1104485549964852,0.32041037036827635
In-Sample (2010-2019),126d,hml,VMP_Gross,0.00382567968071141,0.11189484827516183,0.03418995369030431,0.4351681310285927
In-Sample (2010-2019),126d,hml,VMP_Net,6.769785950404651e-05,0.11189151710883535,0.0006050312057007657,0.4439225529418477
In-Sample (2010-2019),126d,rmw,Original,-0.004225820358945799,0.13782335530103054,-0.030661133954516355,0.5414989833832772
In-Sample (2010-2019),126d,rmw,VMP_Gross,0.010159154133152017,0.14768106685351878,0.06879117512895971,0.6215432050078213
In-Sample (2010-2019),126d,rmw,VMP_Net,0.006181304057407867,0.14764405403185424,0.041866257994204424,0.6247612096304817
In-Sample (2010-2019),126d,cma,Original,-0.006409921513656608,0.08786912286591242,-0.07294850915307415,0.3292217693779286
In-Sample (2010-2019),126d,cma,VMP_Gross,0.050060645149820136,0.11891013766681995,0.42099560333608793,0.3469618226032428
In-Sample (2010-2019),126d,cma,VMP_Net,0.04624494906342056,0.11891579234055313,0.388888205285497,0.3528207146759005
In-Sample (2010-2019),126d,umd,Original,-0.006354017333295112,0.15525792338494152,-0.0409255591905681,0.6232864809148214
In-Sample (2010-2019),126d,umd,VMP_Gross,0.08372036530919552,0.1748436324503469,0.4788299358455099,0.521305542882468
In-Sample (2010-2019),126d,umd,VMP_Net,0.0801840045100964,0.17483519769966346,0.45862621237079854,0.5250767396685009
Out-of-Sample (2020-2025),126d,mkt_rf,Original,0.08138905686059562,0.19509521053428763,0.41717608872972123,0.3456758643867941
Out-of-Sample (2020-2025),126d,mkt_rf,VMP_Gross,0.008202699056661312,0.3178219818090899,0.025809099200660483,0.7056575963131647
Out-of-Sample (2020-2025),126d,mkt_rf,VMP_Net,0.003937161257166609,0.3177783974553413,0.012389644131552127,0.7081791811229923
Out-of-Sample (2020-2025),126d,smb,Original,0.08130916470965745,0.1588300936873913,0.5119254344185542,0.32864439183754257
Out-of-Sample (2020-2025),126d,smb,VMP_Gross,0.025317064866995344,0.12277657379636002,0.20620436036101475,0.3061984747414143
Out-of-Sample (2020-2025),126d,smb,VMP_Net,0.02247846004433686,0.12278781775618998,0.18306750991348794,0.30736209272868253
Out-of-Sample (2020-2025),126d,hml,Original,0.0338551809487247,0.12630087678953061,0.2680518283744095,0.2489500344456569
Out-of-Sample (2020-2025),126d,hml,VMP_Gross,0.007953045299815662,0.08286670745226828,0.09597395074972255,0.2420515326384184
Out-of-Sample (2020-2025),126d,hml,VMP_Net,0.005962497947720165,0.08287616889453715,0.07194466186422847,0.24387797371477166
Out-of-Sample (2020-2025),126d,rmw,Original,-0.018013756062696663,0.13271479124685742,-0.13573284404441402,0.45489472829803623
Out-of-Sample (2020-2025),126d,rmw,VMP_Gross,0.030425313301351727,0.14132753107405635,0.21528228130871901,0.3922015252400023
Out-of-Sample (2020-2025),126d,rmw,VMP_Net,0.026989011182720297,0.14131171763876746,0.190989194906765,0.3973932787813906
Out-of-Sample (2020-2025),126d,cma,Original,0.006150306840034831,0.13186865950625035,0.046639640253136244,0.3932938458094809
Out-of-Sample (2020-2025),126d,cma,VMP_Gross,-0.04482146235239255,0.08332630676288343,-0.5379029035804772,0.33055403436274067
Out-of-Sample (2020-2025),126d,cma,VMP_Net,-0.04693886504999346,0.08334792293023298,-0.5631677839084724,0.3323792893583081
Out-of-Sample (2020-2025),126d,umd,Original,0.03685294828476052,0.18595038819312676,0.19818699300850776,0.5224016640031005
Out-of-Sample (2020-2025),126d,umd,VMP_Gross,0.07432133625063073,0.1459318046412475,0.5092881324488456,0.36679620603522745
Out-of-Sample (2020-2025),126d,umd,VMP_Net,0.07188591800614222,0.14592172125216343,0.49263342968603063,0.3689906004713649
Crash_2015 (股灾),126d,mkt_rf,Original,-0.7074633456867471,0.5855643050649827,-1.2081736191351977,0.5310056996533085
Crash_2015 (股灾),126d,mkt_rf,VMP_Gross,-0.20985962536463043,0.14798489804174225,-1.4181151464890365,0.19965800468050962
Crash_2015 (股灾),126d,mkt_rf,VMP_Net,-0.2106877441276313,0.14799724907305425,-1.4235922995003227,0.20005170526430296
Crash_2015 (股灾),126d,smb,Original,0.27188794763132523,0.2225555983075177,1.2216630347606094,0.22567724531519215
Crash_2015 (股灾),126d,smb,VMP_Gross,0.005679033007129837,0.07954319794774282,0.07139558320072532,0.11624927619627798
Crash_2015 (股灾),126d,smb,VMP_Net,0.004635263982655272,0.07957529999887239,0.05825003465548927,0.11647397446309876
Crash_2015 (股灾),126d,hml,Original,0.02298857005301204,0.17089770274859778,0.13451655395760234,0.20870959803235245
Crash_2015 (股灾),126d,hml,VMP_Gross,0.015041607619051003,0.03856693787080761,0.3900130124262838,0.045975469927914146
Crash_2015 (股灾),126d,hml,VMP_Net,0.014314315571171457,0.038563184891145554,0.3711912180380659,0.046188472566762055
Crash_2015 (股灾),126d,rmw,Original,0.07257613768915659,0.3084338929830439,0.23530532584221037,0.3350882165174904
Crash_2015 (股灾),126d,rmw,VMP_Gross,0.13725048154238392,0.09189535022535025,1.4935519719530053,0.07385156597029402
Crash_2015 (股灾),126d,rmw,VMP_Net,0.1360564894835605,0.0917866633595702,1.4823121846206047,0.07394457142729
Crash_2015 (股灾),126d,cma,Original,-0.18255750279844332,0.16637715733946692,-1.0972510031888747,0.21217855084174958
Crash_2015 (股灾),126d,cma,VMP_Gross,-0.029025251204210328,0.0731224018080939,-0.3969406158236658,0.07937383124067442
Crash_2015 (股灾),126d,cma,VMP_Net,-0.03064907022999381,0.07315451593099674,-0.4189634753226124,0.0797941438532838
Crash_2015 (股灾),126d,umd,Original,-0.8503838040144578,0.2514078064420998,-3.382487664360989,0.4595030276059337
Crash_2015 (股灾),126d,umd,VMP_Gross,-0.395785925827838,0.10503645335509945,-3.7680815867782047,0.24650019821717062
Crash_2015 (股灾),126d,umd,VMP_Net,-0.3972842781891066,0.10507190875176163,-3.781070344193645,0.24722710420572333
Crash_2018 (贸易战),126d,mkt_rf,Original,-0.3198278978222221,0.2242203275160459,-1.4264001010315812,0.329924576422669
Crash_2018 (贸易战),126d,mkt_rf,VMP_Gross,-0.5034637258636199,0.35741846522611137,-1.408611403289186,0.5145097158130636
Crash_2018 (贸易战),126d,mkt_rf,VMP_Net,-0.5074768070791554,0.35733141058136053,-1.420185273535052,0.5161693775016167
Crash_2018 (贸易战),126d,smb,Original,-0.042267699392592624,0.11050445406216466,-0.3824976988603082,0.13208553297121897
Crash_2018 (贸易战),126d,smb,VMP_Gross,-0.10816984173609905,0.13592244098426315,-0.7958203292466087,0.19514362586883857
Crash_2018 (贸易战),126d,smb,VMP_Net,-0.1120183052308216,0.13596275887656947,-0.8238896162184729,0.19767674366250956
Crash_2018 (贸易战),126d,hml,Original,0.06195066712592594,0.1114244513789182,0.5559880830397983,0.161464245121239
Crash_2018 (贸易战),126d,hml,VMP_Gross,0.06571430803252476,0.10684225379810598,0.615059170847346,0.17467332798182036
Crash_2018 (贸易战),126d,hml,VMP_Net,0.06287612138901454,0.10686585464705418,0.5883649328092259,0.17571491515593532
Crash_2018 (贸易战),126d,rmw,Original,0.12663224197037037,0.14463833895443484,0.8755095148753271,0.13307045123237687
Crash_2018 (贸易战),126d,rmw,VMP_Gross,0.1483425172660179,0.11797866818171661,1.2573672813252426,0.10209384667229512
Crash_2018 (贸易战),126d,rmw,VMP_Net,0.1457459417824275,0.1179377571973775,1.2357869544569258,0.10238636880329596
Crash_2018 (贸易战),126d,cma,Original,0.09065473251955553,0.10737497353990118,0.8442817681893787,0.10227623594199663
Crash_2018 (贸易战),126d,cma,VMP_Gross,0.08069143685867416,0.09042004356742969,0.8924065248707768,0.09197407290475842
Crash_2018 (贸易战),126d,cma,VMP_Net,0.07856309281033781,0.09039943947979251,0.8690661497729691,0.09259157473721942
Crash_2018 (贸易战),126d,umd,Original,0.06404577583703702,0.1644617292604223,0.38942662299033504,0.17891122681273558
Crash_2018 (贸易战),126d,umd,VMP_Gross,0.11321103107066201,0.14500590055810522,0.7807339607211176,0.16266925681999717
Crash_2018 (贸易战),126d,umd,VMP_Net,0.11027791742189802,0.1449138987488107,0.7609892382583011,0.16283837717636207
Crash_2022 (俄乌/疫情),126d,mkt_rf,Original,-0.18199139672231404,0.2079582394197585,-0.8751343405777203,0.26418593551814146
Crash_2022 (俄乌/疫情),126d,mkt_rf,VMP_Gross,-0.45273778186782004,0.3158498250486333,-1.4333957025244808,0.4481622471482226
Crash_2022 (俄乌/疫情),126d,mkt_rf,VMP_Net,-0.4577528087807485,0.3158131292336322,-1.4494419845417894,0.4497284033558469
Crash_2022 (俄乌/疫情),126d,smb,Original,0.12971940691239667,0.14009074257749154,0.9259670162761973,0.11321101850481428
Crash_2022 (俄乌/疫情),126d,smb,VMP_Gross,0.07978151395320791,0.10006332210729278,0.7973102658700685,0.07576043495248151
Crash_2022 (俄乌/疫情),126d,smb,VMP_Net,0.0779991799849418,0.10006053440857167,0.7795199220748916,0.07590868202462148
Crash_2022 (俄乌/疫情),126d,hml,Original,0.17732685454214875,0.14149297305529773,1.2532555554744513,0.10520989063847923
Crash_2022 (俄乌/疫情),126d,hml,VMP_Gross,0.060094395638368214,0.05642692542272459,1.0649950389493779,0.03920002156939457
Crash_2022 (俄乌/疫情),126d,hml,VMP_Net,0.059009594765091385,0.056424843949829065,1.0458087366189366,0.039402088812328935
Crash_2022 (俄乌/疫情),126d,rmw,Original,-0.11791791938841321,0.11627465569185959,-1.014132604278859,0.1546486211763727
Crash_2022 (俄乌/疫情),126d,rmw,VMP_Gross,-0.09327748539019332,0.1186185768205404,-0.7863649007635123,0.16008437221895455
Crash_2022 (俄乌/疫情),126d,rmw,VMP_Net,-0.09611209075154645,0.1185977674933668,-0.8104038784450308,0.1611965155604801
Crash_2022 (俄乌/疫情),126d,cma,Original,0.17892191755859504,0.14205188699706686,1.2595532614240421,0.07652019821592565
Crash_2022 (俄乌/疫情),126d,cma,VMP_Gross,0.062041296167650944,0.05525418098929875,1.1228344182617906,0.028690944421848334
Crash_2022 (俄乌/疫情),126d,cma,VMP_Net,0.06099157153945647,0.055254098278195635,1.1038379675001402,0.028797606979821776
Crash_2022 (俄乌/疫情),126d,umd,Original,-0.24683370343140498,0.1479712500874304,-1.6681193359220838,0.25040651332232194
Crash_2022 (俄乌/疫情),126d,umd,VMP_Gross,-0.21854598877906883,0.11591381053134985,-1.8854180341173519,0.21349610285697576
Crash_2022 (俄乌/疫情),126d,umd,VMP_Net,-0.22085969774042508,0.11592313846969117,-1.905225312702953,0.21506026429991967
